{"rows":[{"code":"007","name":"007","statuses":["primary"]},{"code":"1337","name":"1337","statuses":["primary"]},{"code":"1CR","name":"1CR","statuses":["primary"]},{"code":"256","name":"256","statuses":["primary"]},{"code":"2FLAV","name":"2FLAV","statuses":["primary"]},{"code":"2GIVE","name":"2GIVE","statuses":["primary"]},{"code":"404","name":"404","statuses":["primary"]},{"code":"611","name":"611","statuses":["primary"]},{"code":"888","name":"888","statuses":["primary"]},{"code":"8BIT","name":"8Bit","statuses":["primary"]},{"code":"ACLR","name":"ACLR","statuses":["primary"]},{"code":"ACOIN","name":"ACOIN","statuses":["primary"]},{"code":"ACP","name":"ACP","statuses":["primary"]},{"code":"ADC","name":"ADC","statuses":["primary"]},{"code":"ADZ","name":"Adzcoin","statuses":["primary"]},{"code":"AEC","name":"AEC","statuses":["primary"]},{"code":"AEON","name":"Aeon","statuses":["primary"]},{"code":"AGRS","name":"Agoras Tokens","statuses":["primary"]},{"code":"AIB","name":"AIB","statuses":["primary"]},{"code":"ADN","name":"Aiden","statuses":["primary"]},{"code":"AIR","name":"AIR","statuses":["primary"]},{"code":"ALC","name":"ALC","statuses":["primary"]},{"code":"ALTC","name":"ALTC","statuses":["primary"]},{"code":"AM","name":"AM","statuses":["primary"]},{"code":"AMBER","name":"AMBER","statuses":["primary"]},{"code":"AMS","name":"AMS","statuses":["primary"]},{"code":"ANAL","name":"ANAL","statuses":["primary"]},{"code":"AND","name":"AND","statuses":["primary"]},{"code":"ANI","name":"ANI","statuses":["primary"]},{"code":"ANC","name":"Anoncoin","statuses":["primary"]},{"code":"ANTI","name":"AntiBitcoin","statuses":["primary"]},{"code":"APEX","name":"APEX","statuses":["primary"]},{"code":"APC","name":"Applecoin","statuses":["primary"]},{"code":"APT","name":"APT","statuses":["primary"]},{"code":"AR2","name":"AR2","statuses":["primary"]},{"code":"ARB","name":"ARB","statuses":["primary"]},{"code":"ARC","name":"ARC","statuses":["primary"]},{"code":"ARCH","name":"ARCH","statuses":["primary"]},{"code":"ABY","name":"ArtByte","statuses":["primary"]},{"code":"ARTC","name":"ARTC","statuses":["primary"]},{"code":"ADCN","name":"Asiadigicoin","statuses":["primary"]},{"code":"ATEN","name":"ATEN","statuses":["primary"]},{"code":"REP","name":"Augur","statuses":["primary"]},{"code":"AUR","name":"Auroracoin","statuses":["primary"]},{"code":"AUD","name":"Australian Dollar","statuses":["secondary"]},{"code":"AV","name":"AV","statuses":["primary"]},{"code":"BA","name":"BA","statuses":["primary"]},{"code":"BAC","name":"BAC","statuses":["primary"]},{"code":"BTA","name":"Bata","statuses":["primary"]},{"code":"BAY","name":"BAY","statuses":["primary"]},{"code":"BBCC","name":"BBCC","statuses":["primary"]},{"code":"BQC","name":"BBQCoin","statuses":["primary"]},{"code":"BDC","name":"BDC","statuses":["primary"]},{"code":"BEC","name":"BEC","statuses":["primary"]},{"code":"BEEZ","name":"BEEZ","statuses":["primary"]},{"code":"BELA","name":"BellaCoin","statuses":["primary"]},{"code":"BERN","name":"BERNcash","statuses":["primary"]},{"code":"BILL","name":"BILL","statuses":["primary"]},{"code":"BILS","name":"BILS","statuses":["primary"]},{"code":"BIOS","name":"BiosCrypto","statuses":["primary"]},{"code":"BIT","name":"BIT","statuses":["primary"]},{"code":"BIT16","name":"BIT16","statuses":["primary"]},{"code":"BITB","name":"BitBean","statuses":["primary"]},{"code":"BTC","name":"Bitcoin","statuses":["primary","secondary"]},{"code":"XBC","name":"Bitcoin Plus","statuses":["primary"]},{"code":"BTCD","name":"BitcoinDark","statuses":["primary"]},{"code":"BCY","name":"Bitcrystals","statuses":["primary"]},{"code":"BTM","name":"Bitmark","statuses":["primary"]},{"code":"BTQ","name":"BitQuark","statuses":["primary"]},{"code":"BITS","name":"BITS","statuses":["primary"]},{"code":"BSD","name":"BitSend","statuses":["primary"]},{"code":"BTS","name":"BitShares","statuses":["primary"]},{"code":"PTS","name":"BitShares PTS","statuses":["primary"]},{"code":"SWIFT","name":"BitSwift","statuses":["primary"]},{"code":"BITZ","name":"Bitz","statuses":["primary"]},{"code":"BLK","name":"Blackcoin","statuses":["primary"]},{"code":"JACK","name":"BlackJack","statuses":["primary"]},{"code":"BLC","name":"Blakecoin","statuses":["primary"]},{"code":"BLEU","name":"BLEU","statuses":["primary"]},{"code":"BLITZ","name":"Blitzcoin","statuses":["primary"]},{"code":"BLOCK","name":"Blocknet","statuses":["primary"]},{"code":"BLRY","name":"BLRY","statuses":["primary"]},{"code":"BLU","name":"BLU","statuses":["primary"]},{"code":"BM","name":"BM","statuses":["primary"]},{"code":"BNT","name":"BNT","statuses":["primary"]},{"code":"BOB","name":"BOB","statuses":["primary"]},{"code":"BON","name":"BON","statuses":["primary"]},{"code":"BBR","name":"Boolberry","statuses":["primary"]},{"code":"BOST","name":"BoostCoin","statuses":["primary"]},{"code":"BOSS","name":"BOSS","statuses":["primary"]},{"code":"BPOK","name":"BPOK","statuses":["primary"]},{"code":"BRAIN","name":"BRAIN","statuses":["primary"]},{"code":"BRC","name":"BRC","statuses":["primary"]},{"code":"BRDD","name":"BRDD","statuses":["primary"]},{"code":"BRIT","name":"BRIT","statuses":["primary"]},{"code":"GBP","name":"British Pound Sterling","statuses":["secondary"]},{"code":"BRK","name":"BRK","statuses":["primary"]},{"code":"BRX","name":"BRX","statuses":["primary"]},{"code":"BSC","name":"BSC","statuses":["primary"]},{"code":"BST","name":"BST","statuses":["primary"]},{"code":"BTCHC","name":"BTCHC","statuses":["primary"]},{"code":"BTCR","name":"BTCR","statuses":["primary"]},{"code":"BTCS","name":"BTCS","statuses":["primary"]},{"code":"BTCU","name":"BTCU","statuses":["primary"]},{"code":"BTTF","name":"BTTF","statuses":["primary"]},{"code":"BTX","name":"BTX","statuses":["primary"]},{"code":"BUCKS","name":"BUCKS","statuses":["primary"]},{"code":"BUN","name":"BUN","statuses":["primary"]},{"code":"BURST","name":"Burst","statuses":["primary"]},{"code":"BUZZ","name":"BUZZ","statuses":["primary"]},{"code":"BVC","name":"BVC","statuses":["primary"]},{"code":"BYC","name":"Bytecent","statuses":["primary"]},{"code":"BCN","name":"Bytecoin","statuses":["primary"]},{"code":"XCT","name":"C-Bit","statuses":["primary"]},{"code":"C0C0","name":"C0C0","statuses":["primary"]},{"code":"CAB","name":"Cabbage Unit","statuses":["primary"]},{"code":"CAD","name":"CAD","statuses":["primary","secondary"]},{"code":"CAGE","name":"CAGE","statuses":["primary"]},{"code":"CANN","name":"CannabisCoin","statuses":["primary"]},{"code":"CCN","name":"Cannacoin","statuses":["primary"]},{"code":"CPC","name":"Capricoin","statuses":["primary"]},{"code":"DIEM","name":"CarpeDiemCoin","statuses":["primary"]},{"code":"CASH","name":"CASH","statuses":["primary"]},{"code":"CBIT","name":"CBIT","statuses":["primary"]},{"code":"CC","name":"CC","statuses":["primary"]},{"code":"CCB","name":"CCB","statuses":["primary"]},{"code":"CD","name":"CD","statuses":["primary"]},{"code":"CDN","name":"CDN","statuses":["primary"]},{"code":"CF","name":"CF","statuses":["primary"]},{"code":"CFC","name":"CFC","statuses":["primary"]},{"code":"CGA","name":"CGA","statuses":["primary"]},{"code":"CHC","name":"CHC","statuses":["primary"]},{"code":"CKC","name":"Checkcoin","statuses":["primary"]},{"code":"CHEMX","name":"CHEMX","statuses":["primary"]},{"code":"CHESS","name":"CHESS","statuses":["primary"]},{"code":"CHF","name":"CHF","statuses":["primary","secondary"]},{"code":"CNY","name":"Chinese Yuan","statuses":["secondary"]},{"code":"CHRG","name":"CHRG","statuses":["primary"]},{"code":"CJ","name":"CJ","statuses":["primary"]},{"code":"CLAM","name":"Clams","statuses":["primary"]},{"code":"CLICK","name":"CLICK","statuses":["primary"]},{"code":"CLINT","name":"CLINT","statuses":["primary"]},{"code":"CLOAK","name":"Cloakcoin","statuses":["primary"]},{"code":"CLR","name":"CLR","statuses":["primary"]},{"code":"CLUB","name":"CLUB","statuses":["primary"]},{"code":"CLUD","name":"CLUD","statuses":["primary"]},{"code":"CMT","name":"CMT","statuses":["primary"]},{"code":"CNC","name":"CNC","statuses":["primary"]},{"code":"COXST","name":"CoExistCoin","statuses":["primary"]},{"code":"COIN","name":"COIN","statuses":["primary"]},{"code":"C2","name":"Coin2.1","statuses":["primary"]},{"code":"CNMT","name":"Coinomat","statuses":["primary"]},{"code":"CV2","name":"Colossuscoin2.0","statuses":["primary"]},{"code":"CON","name":"CON","statuses":["primary"]},{"code":"XCP","name":"Counterparty","statuses":["primary"]},{"code":"COV","name":"COV","statuses":["primary"]},{"code":"CRAFT","name":"CRAFT","statuses":["primary"]},{"code":"CRAVE","name":"CRAVE","statuses":["primary"]},{"code":"CRC","name":"CRC","statuses":["primary"]},{"code":"CRE","name":"CRE","statuses":["primary"]},{"code":"CRBIT","name":"Creditbit","statuses":["primary"]},{"code":"CREVA","name":"CrevaCoin","statuses":["primary"]},{"code":"CRIME","name":"CRIME","statuses":["primary"]},{"code":"CRT","name":"CRT","statuses":["primary"]},{"code":"CRW","name":"CRW","statuses":["primary"]},{"code":"CRY","name":"CRY","statuses":["primary"]},{"code":"XCR","name":"Crypti","statuses":["primary"]},{"code":"CBX","name":"Crypto Bullion","statuses":["primary"]},{"code":"CESC","name":"CryptoEscudo","statuses":["primary"]},{"code":"XCN","name":"Cryptonite","statuses":["primary"]},{"code":"CSMIC","name":"CSMIC","statuses":["primary"]},{"code":"CST","name":"CST","statuses":["primary"]},{"code":"CTC","name":"CTC","statuses":["primary"]},{"code":"CTO","name":"CTO","statuses":["primary"]},{"code":"CURE","name":"Curecoin","statuses":["primary"]},{"code":"CYP","name":"Cypher","statuses":["primary"]},{"code":"CZC","name":"CZC","statuses":["primary"]},{"code":"CZECO","name":"CZECO","statuses":["primary"]},{"code":"CZR","name":"CZR","statuses":["primary"]},{"code":"DAO","name":"DAO","statuses":["primary"]},{"code":"DGD","name":"DarkGoldCoin","statuses":["primary"]},{"code":"DNET","name":"Darknet","statuses":["primary"]},{"code":"DASH","name":"Dash","statuses":["primary"]},{"code":"DTC","name":"Datacoin","statuses":["primary"]},{"code":"DBG","name":"DBG","statuses":["primary"]},{"code":"DBLK","name":"DBLK","statuses":["primary"]},{"code":"DBTC","name":"DBTC","statuses":["primary"]},{"code":"DCK","name":"DCK","statuses":["primary"]},{"code":"DCR","name":"Decred","statuses":["primary"]},{"code":"DES","name":"Destiny","statuses":["primary"]},{"code":"DETH","name":"DETH","statuses":["primary"]},{"code":"DEUR","name":"DEUR","statuses":["primary"]},{"code":"DEM","name":"Deutsche eMark","statuses":["primary"]},{"code":"DVC","name":"Devcoin","statuses":["primary"]},{"code":"DGCS","name":"DGCS","statuses":["primary"]},{"code":"DGMS","name":"DGMS","statuses":["primary"]},{"code":"DGORE","name":"DGORE","statuses":["primary"]},{"code":"DMD","name":"Diamond","statuses":["primary"]},{"code":"DGB","name":"Digibyte","statuses":["primary"]},{"code":"CUBE","name":"DigiCube","statuses":["primary"]},{"code":"DGC","name":"Digitalcoin","statuses":["primary"]},{"code":"XDN","name":"DigitalNote","statuses":["primary"]},{"code":"DP","name":"DigitalPrice","statuses":["primary"]},{"code":"DIGS","name":"DIGS","statuses":["primary"]},{"code":"DIME","name":"Dimecoin","statuses":["primary"]},{"code":"DISK","name":"DISK","statuses":["primary"]},{"code":"DLISK","name":"DLISK","statuses":["primary"]},{"code":"NOTE","name":"DNotes","statuses":["primary"]},{"code":"DOGE","name":"DOGE","statuses":["primary","secondary"]},{"code":"DOGE","name":"Dogecoin","statuses":["primary","secondary"]},{"code":"DON","name":"DON","statuses":["primary"]},{"code":"DOPE","name":"DopeCoin","statuses":["primary"]},{"code":"DOX","name":"DOX","statuses":["primary"]},{"code":"DRACO","name":"DRACO","statuses":["primary"]},{"code":"DRM","name":"DRM","statuses":["primary"]},{"code":"DROP","name":"DROP","statuses":["primary"]},{"code":"DRZ","name":"DRZ","statuses":["primary"]},{"code":"DSH","name":"DSH","statuses":["primary"]},{"code":"DBIC","name":"DubaiCoin","statuses":["primary"]},{"code":"DUO","name":"DUO","statuses":["primary"]},{"code":"DUST","name":"DUST","statuses":["primary"]},{"code":"EAC","name":"Earthcoin","statuses":["primary"]},{"code":"ECCHI","name":"ECCHI","statuses":["primary"]},{"code":"ECC","name":"ECCoin","statuses":["primary"]},{"code":"ECOS","name":"ECOS","statuses":["primary"]},{"code":"EDC","name":"EDC","statuses":["primary"]},{"code":"EDRC","name":"EDRC","statuses":["primary"]},{"code":"EGG","name":"EGG","statuses":["primary"]},{"code":"EMC2","name":"Einsteinium","statuses":["primary"]},{"code":"EKO","name":"EKO","statuses":["primary"]},{"code":"EL","name":"EL","statuses":["primary"]},{"code":"ELCO","name":"ELcoin","statuses":["primary"]},{"code":"ELE","name":"ELE","statuses":["primary"]},{"code":"EFL","name":"Electronic Gulden","statuses":["primary"]},{"code":"EMC","name":"Emercoin","statuses":["primary"]},{"code":"EMIRG","name":"EMIRG","statuses":["primary"]},{"code":"ENE","name":"ENE","statuses":["primary"]},{"code":"ENRG","name":"Energycoin","statuses":["primary"]},{"code":"EPC","name":"EPC","statuses":["primary"]},{"code":"EPY","name":"EPY","statuses":["primary"]},{"code":"ERC","name":"ERC","statuses":["primary"]},{"code":"ERC3","name":"ERC3","statuses":["primary"]},{"code":"ESC","name":"ESC","statuses":["primary"]},{"code":"ETH","name":"Ethereum","statuses":["primary","secondary"]},{"code":"ETC","name":"Ethereum Classic","statuses":["primary"]},{"code":"ETHS","name":"ETHS","statuses":["primary"]},{"code":"EURC","name":"EURC","statuses":["primary"]},{"code":"EUR","name":"Euro","statuses":["primary","secondary"]},{"code":"EGC","name":"EvergreenCoin","statuses":["primary"]},{"code":"EVIL","name":"EVIL","statuses":["primary"]},{"code":"EVO","name":"EVO","statuses":["primary"]},{"code":"EXCL","name":"EXCL","statuses":["primary"]},{"code":"EXIT","name":"EXIT","statuses":["primary"]},{"code":"EXP","name":"Expanse","statuses":["primary"]},{"code":"FCT","name":"Factom","statuses":["primary"]},{"code":"FAIR","name":"Faircoin","statuses":["primary"]},{"code":"FC2","name":"FC2","statuses":["primary"]},{"code":"FCN","name":"FCN","statuses":["primary"]},{"code":"FTC","name":"Feathercoin","statuses":["primary"]},{"code":"TIPS","name":"Fedoracoin","statuses":["primary"]},{"code":"FFC","name":"FFC","statuses":["primary"]},{"code":"FIBRE","name":"Fibre","statuses":["primary"]},{"code":"FIT","name":"FIT","statuses":["primary"]},{"code":"FJC","name":"FJC","statuses":["primary"]},{"code":"FLO","name":"Florincoin","statuses":["primary"]},{"code":"FLOZ","name":"FLOZ","statuses":["primary"]},{"code":"FLT","name":"FlutterCoin","statuses":["primary"]},{"code":"FLX","name":"FLX","statuses":["primary"]},{"code":"FLY","name":"Flycoin","statuses":["primary"]},{"code":"FLDC","name":"FoldingCoin","statuses":["primary"]},{"code":"FONZ","name":"FONZ","statuses":["primary"]},{"code":"FRK","name":"Franko","statuses":["primary"]},{"code":"FRC","name":"Freicoin","statuses":["primary"]},{"code":"FRN","name":"FRN","statuses":["primary"]},{"code":"FRWC","name":"FRWC","statuses":["primary"]},{"code":"FSC2","name":"FSC2","statuses":["primary"]},{"code":"FST","name":"FST","statuses":["primary"]},{"code":"FTP","name":"FTP","statuses":["primary"]},{"code":"FUN","name":"FUN","statuses":["primary"]},{"code":"FUTC","name":"FUTC","statuses":["primary"]},{"code":"FUZZ","name":"FUZZ","statuses":["primary"]},{"code":"GAIA","name":"GAIA","statuses":["primary"]},{"code":"GAIN","name":"GAIN","statuses":["primary"]},{"code":"GAKH","name":"GAKH","statuses":["primary"]},{"code":"GAM","name":"GAM","statuses":["primary"]},{"code":"GBT","name":"GameBet Coin","statuses":["primary"]},{"code":"GAME","name":"GameCredits","statuses":["primary"]},{"code":"GAP","name":"Gapcoin","statuses":["primary"]},{"code":"GARY","name":"GARY","statuses":["primary"]},{"code":"GB","name":"GB","statuses":["primary"]},{"code":"GBC","name":"GBC","statuses":["primary"]},{"code":"GBIT","name":"GBIT","statuses":["primary"]},{"code":"GCC","name":"GCC","statuses":["primary"]},{"code":"GCN","name":"GCN","statuses":["primary"]},{"code":"GEO","name":"GeoCoin","statuses":["primary"]},{"code":"GEMZ","name":"GetGems","statuses":["primary"]},{"code":"GHOST","name":"GHOST","statuses":["primary"]},{"code":"GHS","name":"GHS","statuses":["primary"]},{"code":"GIFT","name":"GIFT","statuses":["primary"]},{"code":"GIG","name":"GIG","statuses":["primary"]},{"code":"GLC","name":"GLC","statuses":["primary"]},{"code":"BSTY","name":"GlobalBoost-Y","statuses":["primary"]},{"code":"GML","name":"GML","statuses":["primary"]},{"code":"GMX","name":"GMX","statuses":["primary"]},{"code":"GCR","name":"GoCoineR","statuses":["primary"]},{"code":"GLD","name":"GoldCoin","statuses":["primary"]},{"code":"GOON","name":"GOON","statuses":["primary"]},{"code":"GP","name":"GP","statuses":["primary"]},{"code":"GPU","name":"GPU","statuses":["primary"]},{"code":"GRAM","name":"GRAM","statuses":["primary"]},{"code":"GRT","name":"Grantcoin","statuses":["primary"]},{"code":"GRE","name":"GRE","statuses":["primary"]},{"code":"GRC","name":"Gridcoin","statuses":["primary"]},{"code":"GRN","name":"GRN","statuses":["primary"]},{"code":"GRS","name":"Groestlcoin","statuses":["primary"]},{"code":"GRW","name":"GRW","statuses":["primary"]},{"code":"GSM","name":"GSM","statuses":["primary"]},{"code":"GSX","name":"GSX","statuses":["primary"]},{"code":"GUA","name":"GUA","statuses":["primary"]},{"code":"NLG","name":"Gulden","statuses":["primary"]},{"code":"GUN","name":"GUN","statuses":["primary"]},{"code":"HAM","name":"HAM","statuses":["primary"]},{"code":"HAWK","name":"HAWK","statuses":["primary"]},{"code":"HCC","name":"HCC","statuses":["primary"]},{"code":"HEAT","name":"HEAT","statuses":["primary"]},{"code":"HMP","name":"HempCoin","statuses":["primary"]},{"code":"XHI","name":"HiCoin","statuses":["primary"]},{"code":"HIFUN","name":"HIFUN","statuses":["primary"]},{"code":"HILL","name":"HILL","statuses":["primary"]},{"code":"HIRE","name":"HIRE","statuses":["primary"]},{"code":"HNC","name":"HNC","statuses":["primary"]},{"code":"HODL","name":"HOdlcoin","statuses":["primary"]},{"code":"HKD","name":"Hong Kong Dollar","statuses":["secondary"]},{"code":"HZ","name":"Horizon","statuses":["primary"]},{"code":"HTC","name":"HTC","statuses":["primary"]},{"code":"HTML5","name":"HTMLCOIN","statuses":["primary"]},{"code":"HUC","name":"HUC","statuses":["primary"]},{"code":"HVCO","name":"HVCO","statuses":["primary"]},{"code":"HYPER","name":"Hyper","statuses":["primary"]},{"code":"HYP","name":"HyperStake","statuses":["primary"]},{"code":"I0C","name":"I0C","statuses":["primary"]},{"code":"IBANK","name":"IBANK","statuses":["primary"]},{"code":"ICASH","name":"iCash","statuses":["primary"]},{"code":"ICN","name":"ICN","statuses":["primary"]},{"code":"IEC","name":"IEC","statuses":["primary"]},{"code":"IFC","name":"Infinitecoin","statuses":["primary"]},{"code":"INFX","name":"Influxcoin","statuses":["primary"]},{"code":"INV","name":"INV","statuses":["primary"]},{"code":"IOC","name":"IO Coin","statuses":["primary"]},{"code":"ION","name":"ION","statuses":["primary"]},{"code":"IRL","name":"IRL","statuses":["primary"]},{"code":"ISL","name":"IslaCoin","statuses":["primary"]},{"code":"IVZ","name":"IVZ","statuses":["primary"]},{"code":"IXC","name":"IXC","statuses":["primary"]},{"code":"JIF","name":"JIF","statuses":["primary"]},{"code":"JPC","name":"JPC","statuses":["primary"]},{"code":"JPY","name":"JPY","statuses":["primary","secondary"]},{"code":"JBS","name":"Jumbucks","statuses":["primary"]},{"code":"KAT","name":"KAT","statuses":["primary"]},{"code":"KGC","name":"KGC","statuses":["primary"]},{"code":"KNC","name":"KhanCoin","statuses":["primary"]},{"code":"KLC","name":"KLC","statuses":["primary"]},{"code":"KOBO","name":"KOBO","statuses":["primary"]},{"code":"KORE","name":"KoreCoin","statuses":["primary"]},{"code":"KRAK","name":"KRAK","statuses":["primary"]},{"code":"KRYP","name":"KRYP","statuses":["primary"]},{"code":"KR","name":"Krypton","statuses":["primary"]},{"code":"KTK","name":"KTK","statuses":["primary"]},{"code":"KUBO","name":"KUBO","statuses":["primary"]},{"code":"LANA","name":"LANA","statuses":["primary"]},{"code":"LBC","name":"LBC","statuses":["primary"]},{"code":"LC","name":"LC","statuses":["primary"]},{"code":"LEA","name":"LeaCoin","statuses":["primary"]},{"code":"LEMON","name":"LEMON","statuses":["primary"]},{"code":"LEO","name":"LEO","statuses":["primary"]},{"code":"LFC","name":"LFC","statuses":["primary"]},{"code":"LFO","name":"LFO","statuses":["primary"]},{"code":"LFTC","name":"LFTC","statuses":["primary"]},{"code":"LQD","name":"LIQUID","statuses":["primary"]},{"code":"LIR","name":"LIR","statuses":["primary"]},{"code":"LSK","name":"Lisk","statuses":["primary"]},{"code":"LTC","name":"Litecoin","statuses":["primary","secondary"]},{"code":"LTCR","name":"Litecred","statuses":["primary"]},{"code":"LDOGE","name":"LiteDoge","statuses":["primary"]},{"code":"LKC","name":"LKC","statuses":["primary"]},{"code":"LOC","name":"LOC","statuses":["primary"]},{"code":"LOOT","name":"LOOT","statuses":["primary"]},{"code":"LTBC","name":"LTBcoin","statuses":["primary"]},{"code":"LTC","name":"LTC","statuses":["primary","secondary"]},{"code":"LTH","name":"LTH","statuses":["primary"]},{"code":"LTS","name":"LTS","statuses":["primary"]},{"code":"LUN","name":"LUN","statuses":["primary"]},{"code":"LXC","name":"LXC","statuses":["primary"]},{"code":"LYB","name":"LYB","statuses":["primary"]},{"code":"M1","name":"M1","statuses":["primary"]},{"code":"MAD","name":"MAD","statuses":["primary"]},{"code":"XMG","name":"Magi","statuses":["primary"]},{"code":"MAID","name":"MaidSafeCoin","statuses":["primary"]},{"code":"MXT","name":"MarteXcoin","statuses":["primary"]},{"code":"MARV","name":"MARV","statuses":["primary"]},{"code":"MARYJ","name":"MARYJ","statuses":["primary"]},{"code":"OMNI","name":"Mastercoin (Omni)","statuses":["primary"]},{"code":"MTR","name":"MasterTraderCoin","statuses":["primary"]},{"code":"MAX","name":"Maxcoin","statuses":["primary"]},{"code":"MZC","name":"Mazacoin","statuses":["primary"]},{"code":"MBL","name":"MBL","statuses":["primary"]},{"code":"MCAR","name":"MCAR","statuses":["primary"]},{"code":"MCN","name":"MCN","statuses":["primary"]},{"code":"MCZ","name":"MCZ","statuses":["primary"]},{"code":"MED","name":"MediterraneanCoin","statuses":["primary"]},{"code":"MEC","name":"Megacoin","statuses":["primary"]},{"code":"MEME","name":"Memetic","statuses":["primary"]},{"code":"METAL","name":"METAL","statuses":["primary"]},{"code":"MND","name":"MindCoin","statuses":["primary"]},{"code":"MINT","name":"Mintcoin","statuses":["primary"]},{"code":"MIS","name":"MIS","statuses":["primary"]},{"code":"MM","name":"MM","statuses":["primary"]},{"code":"MMC","name":"MMC","statuses":["primary"]},{"code":"MMNXT","name":"MMNXT","statuses":["primary"]},{"code":"MMXVI","name":"MMXVI","statuses":["primary"]},{"code":"MNM","name":"MNM","statuses":["primary"]},{"code":"MOIN","name":"MOIN","statuses":["primary"]},{"code":"MOJO","name":"MojoCoin","statuses":["primary"]},{"code":"MONA","name":"MonaCoin","statuses":["primary"]},{"code":"XMR","name":"Monero","statuses":["primary","secondary"]},{"code":"MNTA","name":"Moneta","statuses":["primary"]},{"code":"MUE","name":"MonetaryUnit","statuses":["primary"]},{"code":"MOON","name":"Mooncoin","statuses":["primary"]},{"code":"MOOND","name":"MOOND","statuses":["primary"]},{"code":"MOTO","name":"MOTO","statuses":["primary"]},{"code":"MPRO","name":"MPRO","statuses":["primary"]},{"code":"MRB","name":"MRB","statuses":["primary"]},{"code":"MRP","name":"MRP","statuses":["primary"]},{"code":"MSC","name":"MSC","statuses":["primary"]},{"code":"MYR","name":"Myriadcoin","statuses":["primary"]},{"code":"NMC","name":"Namecoin","statuses":["primary"]},{"code":"NAUT","name":"Nautiluscoin","statuses":["primary"]},{"code":"NAV","name":"NAV Coin","statuses":["primary"]},{"code":"NCS","name":"NCS","statuses":["primary"]},{"code":"XEM","name":"NEM","statuses":["primary"]},{"code":"NEOS","name":"NeosCoin","statuses":["primary"]},{"code":"NETC","name":"NETC","statuses":["primary"]},{"code":"NET","name":"NetCoin","statuses":["primary"]},{"code":"NEU","name":"NeuCoin","statuses":["primary"]},{"code":"NTRN","name":"Neutron","statuses":["primary"]},{"code":"NEVA","name":"NevaCoin","statuses":["primary"]},{"code":"NEWB","name":"NEWB","statuses":["primary"]},{"code":"NIRO","name":"Nexus","statuses":["primary"]},{"code":"NIC","name":"NIC","statuses":["primary"]},{"code":"NKA","name":"NKA","statuses":["primary"]},{"code":"NKC","name":"NKC","statuses":["primary"]},{"code":"NOBL","name":"NobleCoin","statuses":["primary"]},{"code":"NODE","name":"NODE","statuses":["primary"]},{"code":"NODES","name":"NODES","statuses":["primary"]},{"code":"NOO","name":"NOO","statuses":["primary"]},{"code":"NVC","name":"Novacoin","statuses":["primary"]},{"code":"NRC","name":"NRC","statuses":["primary"]},{"code":"NRS","name":"NRS","statuses":["primary"]},{"code":"NUBIS","name":"NUBIS","statuses":["primary"]},{"code":"NBT","name":"NuBits","statuses":["primary"]},{"code":"NUM","name":"NUM","statuses":["primary"]},{"code":"NSR","name":"NuShares","statuses":["primary"]},{"code":"NXE","name":"NXE","statuses":["primary"]},{"code":"NXT","name":"NXT","statuses":["primary"]},{"code":"NXTTY","name":"Nxttycoin","statuses":["primary"]},{"code":"NYC","name":"NYC","statuses":["primary"]},{"code":"NZC","name":"NZC","statuses":["primary"]},{"code":"NZD","name":"NZD","statuses":["primary","secondary"]},{"code":"OC","name":"OC","statuses":["primary"]},{"code":"OCOW","name":"OCOW","statuses":["primary"]},{"code":"OK","name":"OKCash","statuses":["primary"]},{"code":"OMA","name":"OMA","statuses":["primary"]},{"code":"ONE","name":"ONE","statuses":["primary"]},{"code":"ONEC","name":"ONEC","statuses":["primary"]},{"code":"OP","name":"OP","statuses":["primary"]},{"code":"OPAL","name":"OPAL","statuses":["primary"]},{"code":"OPES","name":"OPES","statuses":["primary"]},{"code":"ORB","name":"Orbitcoin","statuses":["primary"]},{"code":"ORLY","name":"Orlycoin","statuses":["primary"]},{"code":"OS76","name":"OS76","statuses":["primary"]},{"code":"OZC","name":"OZC","statuses":["primary"]},{"code":"PAC","name":"PAC","statuses":["primary"]},{"code":"PAK","name":"PAK","statuses":["primary"]},{"code":"PND","name":"Pandacoin","statuses":["primary"]},{"code":"PAPAF","name":"PAPAF","statuses":["primary"]},{"code":"XPY","name":"Paycoin","statuses":["primary"]},{"code":"PBC","name":"PBC","statuses":["primary"]},{"code":"PDC","name":"PDC","statuses":["primary"]},{"code":"XPB","name":"Pebblecoin","statuses":["primary"]},{"code":"PPC","name":"Peercoin","statuses":["primary"]},{"code":"PEN","name":"PEN","statuses":["primary"]},{"code":"PHR","name":"PHR","statuses":["primary"]},{"code":"PIGGY","name":"Piggycoin","statuses":["primary"]},{"code":"PC","name":"Pinkcoin","statuses":["primary"]},{"code":"PKB","name":"PKB","statuses":["primary"]},{"code":"PLN","name":"PLN","statuses":["primary","secondary"]},{"code":"PLNC","name":"PLNC","statuses":["primary"]},{"code":"PNC","name":"PNC","statuses":["primary"]},{"code":"PNK","name":"PNK","statuses":["primary"]},{"code":"POKE","name":"POKE","statuses":["primary"]},{"code":"PONZ2","name":"PONZ2","statuses":["primary"]},{"code":"PONZI","name":"PONZI","statuses":["primary"]},{"code":"PEX","name":"PosEx","statuses":["primary"]},{"code":"POST","name":"POST","statuses":["primary"]},{"code":"POT","name":"Potcoin","statuses":["primary"]},{"code":"PRES","name":"PRES","statuses":["primary"]},{"code":"PXI","name":"Prime-XI","statuses":["primary"]},{"code":"PRIME","name":"PrimeChain","statuses":["primary"]},{"code":"XPM","name":"Primecoin","statuses":["primary"]},{"code":"PRM","name":"PRM","statuses":["primary"]},{"code":"PRT","name":"PRT","statuses":["primary"]},{"code":"PSP","name":"PSP","statuses":["primary"]},{"code":"PTC","name":"PTC","statuses":["primary"]},{"code":"PULSE","name":"PULSE","statuses":["primary"]},{"code":"PURE","name":"PURE","statuses":["primary"]},{"code":"PUTIN","name":"PUTIN","statuses":["primary"]},{"code":"PWR","name":"PWR","statuses":["primary"]},{"code":"PXL","name":"PXL","statuses":["primary"]},{"code":"QBC","name":"QBC","statuses":["primary"]},{"code":"QBK","name":"QBK","statuses":["primary"]},{"code":"QCN","name":"QCN","statuses":["primary"]},{"code":"QORA","name":"Qora","statuses":["primary"]},{"code":"QTZ","name":"QTZ","statuses":["primary"]},{"code":"QRK","name":"Quark","statuses":["primary"]},{"code":"QTL","name":"Quatloo","statuses":["primary"]},{"code":"RADI","name":"RADI","statuses":["primary"]},{"code":"RADS","name":"Radium","statuses":["primary"]},{"code":"RED","name":"RED","statuses":["primary"]},{"code":"RDD","name":"Reddcoin","statuses":["primary"]},{"code":"REE","name":"REE","statuses":["primary"]},{"code":"REV","name":"Revenu","statuses":["primary"]},{"code":"RBR","name":"RibbitRewards","statuses":["primary"]},{"code":"RICHX","name":"RICHX","statuses":["primary"]},{"code":"RIC","name":"Riecoin","statuses":["primary"]},{"code":"RBT","name":"Rimbit","statuses":["primary"]},{"code":"RIO","name":"RIO","statuses":["primary"]},{"code":"XRP","name":"Ripple","statuses":["primary"]},{"code":"RISE","name":"RISE","statuses":["primary"]},{"code":"RMS","name":"RMS","statuses":["primary"]},{"code":"RONIN","name":"RONIN","statuses":["primary"]},{"code":"ROOT","name":"ROOT","statuses":["primary"]},{"code":"ROS","name":"RosCoin","statuses":["primary"]},{"code":"RPC","name":"RPC","statuses":["primary"]},{"code":"RBIES","name":"Rubies","statuses":["primary"]},{"code":"RUBIT","name":"RUBIT","statuses":["primary"]},{"code":"RUR","name":"Ruble","statuses":["secondary"]},{"code":"RBY","name":"Rubycoin","statuses":["primary"]},{"code":"RUST","name":"RUST","statuses":["primary"]},{"code":"SEC","name":"Safe Exchange Coin","statuses":["primary"]},{"code":"SAK","name":"SAK","statuses":["primary"]},{"code":"SAR","name":"SAR","statuses":["primary"]},{"code":"SBD","name":"SBD","statuses":["primary"]},{"code":"SBIT","name":"SBIT","statuses":["primary"]},{"code":"SCAN","name":"SCAN","statuses":["primary"]},{"code":"SCOT","name":"Scotcoin","statuses":["primary"]},{"code":"SCRPT","name":"SCRPT","statuses":["primary"]},{"code":"SCRT","name":"SCRT","statuses":["primary"]},{"code":"SRC","name":"SecureCoin","statuses":["primary"]},{"code":"SXC","name":"Sexcoin","statuses":["primary"]},{"code":"SFE","name":"SFE","statuses":["primary"]},{"code":"SFR","name":"SFR","statuses":["primary"]},{"code":"SGD","name":"SGD","statuses":["primary","secondary"]},{"code":"SDC","name":"ShadowCash","statuses":["primary"]},{"code":"SHELL","name":"SHELL","statuses":["primary"]},{"code":"SHF","name":"SHF","statuses":["primary"]},{"code":"SHI","name":"SHI","statuses":["primary"]},{"code":"SHIFT","name":"Shift","statuses":["primary"]},{"code":"SHREK","name":"SHREK","statuses":["primary"]},{"code":"SC","name":"Siacoin","statuses":["primary"]},{"code":"SIB","name":"Siberian chervonets","statuses":["primary"]},{"code":"SIC","name":"SIC","statuses":["primary"]},{"code":"SIGU","name":"SIGU","statuses":["primary"]},{"code":"SILK","name":"Silkcoin","statuses":["primary"]},{"code":"SIX","name":"SIX","statuses":["primary"]},{"code":"SLING","name":"Sling","statuses":["primary"]},{"code":"SLS","name":"SLS","statuses":["primary"]},{"code":"SMBR","name":"SMBR","statuses":["primary"]},{"code":"SMC","name":"SMC","statuses":["primary"]},{"code":"SMLY","name":"SmileyCoin","statuses":["primary"]},{"code":"SNRG","name":"SNRG","statuses":["primary"]},{"code":"SOIL","name":"SOILcoin","statuses":["primary"]},{"code":"SLR","name":"Solarcoin","statuses":["primary"]},{"code":"SOLO","name":"SOLO","statuses":["primary"]},{"code":"SONG","name":"SongCoin","statuses":["primary"]},{"code":"SOON","name":"SOON","statuses":["primary"]},{"code":"SPC","name":"SPC","statuses":["primary"]},{"code":"SPEX","name":"SPEX","statuses":["primary"]},{"code":"SPHR","name":"Sphere","statuses":["primary"]},{"code":"SPM","name":"SPM","statuses":["primary"]},{"code":"SPN","name":"SPN","statuses":["primary"]},{"code":"SPOTS","name":"SPOTS","statuses":["primary"]},{"code":"SPR","name":"SpreadCoin","statuses":["primary"]},{"code":"SPRTS","name":"Sprouts","statuses":["primary"]},{"code":"SQC","name":"SQC","statuses":["primary"]},{"code":"SSC","name":"SSC","statuses":["primary"]},{"code":"SSTC","name":"SSTC","statuses":["primary"]},{"code":"STA","name":"STA","statuses":["primary"]},{"code":"START","name":"Startcoin","statuses":["primary"]},{"code":"XST","name":"Stealthcoin","statuses":["primary"]},{"code":"STEEM","name":"Steem","statuses":["primary"]},{"code":"XLM","name":"Stellar","statuses":["primary"]},{"code":"STR","name":"Stellar","statuses":["primary"]},{"code":"STEPS","name":"Steps","statuses":["primary"]},{"code":"SLG","name":"Sterlingcoin","statuses":["primary"]},{"code":"STL","name":"STL","statuses":["primary"]},{"code":"SJCX","name":"Storjcoin X","statuses":["primary"]},{"code":"STP","name":"STP","statuses":["primary"]},{"code":"STRB","name":"STRB","statuses":["primary"]},{"code":"STS","name":"Stress","statuses":["primary"]},{"code":"STRP","name":"STRP","statuses":["primary"]},{"code":"STV","name":"STV","statuses":["primary"]},{"code":"SUB","name":"Subcriptio","statuses":["primary"]},{"code":"SUPER","name":"SUPER","statuses":["primary"]},{"code":"UNITY","name":"SuperNET","statuses":["primary"]},{"code":"SWARM","name":"Swarm","statuses":["primary"]},{"code":"SWING","name":"SWING","statuses":["primary"]},{"code":"SDP","name":"SydPak Coin","statuses":["primary"]},{"code":"SYNC","name":"SYNC","statuses":["primary"]},{"code":"AMP","name":"Synereo","statuses":["primary"]},{"code":"SYS","name":"Syscoin","statuses":["primary"]},{"code":"TAG","name":"TagCoin","statuses":["primary"]},{"code":"TAJ","name":"TAJ","statuses":["primary"]},{"code":"TAK","name":"TAK","statuses":["primary"]},{"code":"TAM","name":"TAM","statuses":["primary"]},{"code":"TAO","name":"TAO","statuses":["primary"]},{"code":"TBC","name":"TBC","statuses":["primary"]},{"code":"TBCX","name":"TBCX","statuses":["primary"]},{"code":"TCR","name":"TCR","statuses":["primary"]},{"code":"TDFB","name":"TDFB","statuses":["primary"]},{"code":"TDY","name":"TDY","statuses":["primary"]},{"code":"TEK","name":"TEKcoin","statuses":["primary"]},{"code":"TRC","name":"Terracoin","statuses":["primary"]},{"code":"TESLA","name":"TESLA","statuses":["primary"]},{"code":"TES","name":"TeslaCoin","statuses":["primary"]},{"code":"TET","name":"TET","statuses":["primary"]},{"code":"USDT","name":"Tether","statuses":["primary","secondary"]},{"code":"THC","name":"THC","statuses":["primary"]},{"code":"THS","name":"THS","statuses":["primary"]},{"code":"TIX","name":"Tickets","statuses":["primary"]},{"code":"XTC","name":"TileCoin","statuses":["primary"]},{"code":"TIT","name":"Titcoin","statuses":["primary"]},{"code":"TTC","name":"TittieCoin","statuses":["primary"]},{"code":"TMC","name":"TMC","statuses":["primary"]},{"code":"TODAY","name":"TODAY","statuses":["primary"]},{"code":"TOKEN","name":"TOKEN","statuses":["primary"]},{"code":"TP1","name":"TP1","statuses":["primary"]},{"code":"TPC","name":"TPC","statuses":["primary"]},{"code":"TPG","name":"TPG","statuses":["primary"]},{"code":"TX","name":"Transfercoin","statuses":["primary"]},{"code":"TRAP","name":"TRAP","statuses":["primary"]},{"code":"TRICK","name":"TRICK","statuses":["primary"]},{"code":"TROLL","name":"TROLL","statuses":["primary"]},{"code":"TRK","name":"Truckcoin","statuses":["primary"]},{"code":"TRUMP","name":"TrumpCoin","statuses":["primary"]},{"code":"TRUST","name":"TRUST","statuses":["primary"]},{"code":"UAE","name":"UAE","statuses":["primary"]},{"code":"UFO","name":"UFO Coin","statuses":["primary"]},{"code":"UIS","name":"UIS","statuses":["primary"]},{"code":"UTC","name":"UltraCoin","statuses":["primary"]},{"code":"UNC","name":"UNC","statuses":["primary"]},{"code":"UNIQ","name":"UNIQ","statuses":["primary"]},{"code":"UNIT","name":"Universal Currency","statuses":["primary"]},{"code":"UNO","name":"Unobtanium","statuses":["primary"]},{"code":"URO","name":"Uro","statuses":["primary"]},{"code":"USD","name":"US Dollar","statuses":["primary","secondary"]},{"code":"USDE","name":"USDE","statuses":["primary"]},{"code":"UTH","name":"UTH","statuses":["primary"]},{"code":"VAL","name":"VAL","statuses":["primary"]},{"code":"XVC","name":"Vcash","statuses":["primary"]},{"code":"VCN","name":"VCN","statuses":["primary"]},{"code":"VEG","name":"VEG","statuses":["primary"]},{"code":"VENE","name":"VENE","statuses":["primary"]},{"code":"XVG","name":"Verge","statuses":["primary"]},{"code":"VRC","name":"VeriCoin","statuses":["primary"]},{"code":"VTC","name":"Vertcoin","statuses":["primary"]},{"code":"VIA","name":"Viacoin","statuses":["primary"]},{"code":"VIOR","name":"Viorcoin","statuses":["primary"]},{"code":"VIP","name":"VIP Tokens","statuses":["primary"]},{"code":"VIRAL","name":"Viral","statuses":["primary"]},{"code":"VOOT","name":"VootCoin","statuses":["primary"]},{"code":"VOX","name":"Voxels","statuses":["primary"]},{"code":"VOYA","name":"VOYA","statuses":["primary"]},{"code":"VPN","name":"VPNCoin","statuses":["primary"]},{"code":"VPRC","name":"VPRC","statuses":["primary"]},{"code":"VTA","name":"VTA","statuses":["primary"]},{"code":"VTN","name":"VTN","statuses":["primary"]},{"code":"VTR","name":"VTR","statuses":["primary"]},{"code":"WAC","name":"WAC","statuses":["primary"]},{"code":"WARP","name":"WARP","statuses":["primary"]},{"code":"WAVES","name":"WAVES","statuses":["primary"]},{"code":"WGC","name":"WGC","statuses":["primary"]},{"code":"XWC","name":"Whitecoin","statuses":["primary"]},{"code":"WBB","name":"Wild Beast Block","statuses":["primary"]},{"code":"WLC","name":"WLC","statuses":["primary"]},{"code":"WMC","name":"WMC","statuses":["primary"]},{"code":"LOG","name":"Woodcoin","statuses":["primary"]},{"code":"WOP","name":"WOP","statuses":["primary"]},{"code":"WDC","name":"Worldcoin","statuses":["primary"]},{"code":"XAB","name":"XAB","statuses":["primary"]},{"code":"XAI","name":"XAI","statuses":["primary"]},{"code":"XAU","name":"Xaurum","statuses":["primary"]},{"code":"XBS","name":"XBS","statuses":["primary"]},{"code":"XBU","name":"XBU","statuses":["primary"]},{"code":"XCO","name":"XCO","statuses":["primary"]},{"code":"XC","name":"XCurrency","statuses":["primary"]},{"code":"XDB","name":"XDB","statuses":["primary"]},{"code":"XEMP","name":"XEMP","statuses":["primary"]},{"code":"XFC","name":"XFC","statuses":["primary"]},{"code":"MI","name":"Xiaomicoin","statuses":["primary"]},{"code":"XID","name":"XID","statuses":["primary"]},{"code":"XJO","name":"XJO","statuses":["primary"]},{"code":"XLTCG","name":"XLTCG","statuses":["primary"]},{"code":"XMS","name":"XMS","statuses":["primary"]},{"code":"XNX","name":"XNX","statuses":["primary"]},{"code":"XPD","name":"XPD","statuses":["primary"]},{"code":"XPOKE","name":"XPOKE","statuses":["primary"]},{"code":"XPRO","name":"XPRO","statuses":["primary"]},{"code":"XQN","name":"XQN","statuses":["primary"]},{"code":"XSEED","name":"XSEED","statuses":["primary"]},{"code":"XSP","name":"XSP","statuses":["primary"]},{"code":"XT","name":"XT","statuses":["primary"]},{"code":"XTP","name":"XTP","statuses":["primary"]},{"code":"XUSD","name":"XUSD","statuses":["primary"]},{"code":"YACC","name":"YACC","statuses":["primary"]},{"code":"YAC","name":"Yacoin","statuses":["primary"]},{"code":"YAY","name":"YAY","statuses":["primary"]},{"code":"YBC","name":"Ybcoin","statuses":["primary"]},{"code":"YOC","name":"YOC","statuses":["primary"]},{"code":"YOVI","name":"YOVI","statuses":["primary"]},{"code":"YUM","name":"YUM","statuses":["primary"]},{"code":"ZCC","name":"ZCC","statuses":["primary"]},{"code":"ZEIT","name":"Zeitcoin","statuses":["primary"]},{"code":"ZET","name":"Zetacoin","statuses":["primary"]},{"code":"ZRC","name":"ZiftrCOIN","statuses":["primary"]},{"code":"ZMC","name":"ZMC","statuses":["primary"]},{"code":"ZNY","name":"ZNY","statuses":["primary"]},{"code":"ZS","name":"ZS","statuses":["primary"]}]}